date,score,w_subj,w_polar,w_comp
2023-03-01,3.0,0.16666666666666666,0.16666666666666666,-0.1686
2023-03-02,3600.0,0.15546742724867724,0.016165922619047614,-0.3552072222222222
2023-03-03,8677.0,0.18599373279884035,0.0977098757895087,0.18697444969459492
2023-03-04,4358.0,0.3912051002316319,0.050226476553995474,0.3970795318953649
2023-03-05,124.0,0.43628307848065917,0.13698488339617373,0.2203129032258065
2023-03-06,7080.0,0.13207066070475573,0.04888826705085785,0.10166709039548022
2023-03-07,383.0,0.2976444769329887,0.0703473296358414,0.056084595300261095
2023-03-08,1214.0,0.07164103972176461,0.01341410397217646,-0.01618064250411861
2023-03-09,1237.0,0.39080780063449827,-0.0013524546204416927,0.10238674211802748
2023-03-10,2510.0,0.39162223495517384,0.0324414268042976,0.15117505976095616
2023-03-11,510.0,0.3919342390996803,0.017698131525337415,0.03226196078431372
2023-03-12,6.0,0.31359577922077925,-0.051700036075036065,-0.19943333333333335
2023-03-13,90.0,0.15191005884833048,0.022948706643151087,0.1615522222222222
2023-03-14,10.0,0.1806547619047619,0.10958333333333332,0.14140999999999998
2023-03-15,1.0,0.0,0.0,0.0
2023-03-16,27.0,0.34371840094062317,0.031384479717813045,-0.14806296296296295
2023-03-17,1398.0,0.358832598428641,0.0613020640300195,0.10302167381974248
2023-03-18,328.0,0.22519488456638742,0.03255507619738251,0.06916615853658538
2023-03-19,322.0,0.3260519346078352,0.0028365061439595603,0.07963416149068324
2023-03-20,21.0,0.2571428571428572,-0.15714285714285714,-0.12645238095238095
2023-03-21,72.0,0.28002604166666667,0.021276041666666665,0.23118888888888892
2023-03-22,29.0,0.32250438819998867,0.1966101155087481,0.18147241379310347
2023-03-23,12.0,0.168396164021164,0.019922288359788366,0.08763333333333334
2023-03-24,849.0,0.39096223008977143,0.04110755617060164,0.04235842167255595
2023-03-25,130.0,0.5248306297560862,0.1605445881252806,0.6021723076923077
2023-03-26,5.0,0.11027777777777778,-0.07416666666666667,-0.15172
2023-03-27,34.0,0.36776857440602656,0.1257477452938207,0.3537676470588235
2023-03-28,721.0,0.37858956715960873,0.07868307680530287,0.5878037447988904
2023-03-29,127.0,0.3550895941693186,0.13727741582564418,0.4680031496062992
2023-03-30,382.0,0.4907991298767001,0.028092255348157364,0.08485732984293193
2023-03-31,1282.0,0.33635224878629316,0.02917618321200446,0.13634734789391575
2023-04-01,42.0,0.44122129457843745,0.10982513914656772,0.14515714285714285
2023-04-02,10.0,0.33499999999999996,0.19,0.41093
2023-04-03,4.0,0.4039583333333333,-0.0035416666666666582,0.328675
2023-04-04,15.0,0.2547469135802469,0.08546296296296298,0.42506666666666665
2023-04-05,39.0,0.3272829793663127,0.11021432271432272,0.684276923076923
2023-04-06,183.0,0.24904241407331823,0.11736845617531662,0.2676377049180328
2023-04-07,229.0,0.40555757509734947,0.06332063674439384,0.3638061135371179
2023-04-08,2233.0,0.405803895764268,0.14392552781809706,0.18894832064487238
2023-04-09,549.0,0.27819560831089024,0.05869266452761237,0.08097213114754098
2023-04-10,14.0,0.41747448979591834,0.08125000000000002,0.10901428571428573
2023-04-11,14567.0,0.4392553313969571,-0.02298299360123632,-0.1440549392462415
2023-04-12,10077.0,0.3641886402925332,0.15005242883940303,0.45499409546492015
2023-04-13,5262.0,0.07388681033516648,0.023391392408638703,-0.22795093120486504
2023-04-14,937.0,0.3687967047678543,0.08297365928434679,0.10961953041622198
2023-04-15,43.0,0.2941357511997047,0.0832666050035236,0.32888372093023255
2023-04-16,1588.0,0.3079820619071457,0.04049607090169495,0.06522008816120908
2023-04-17,2289.0,0.36645564645226797,0.033431809258755794,0.11174678899082569
2023-04-18,1134.0,0.5424070227524751,0.11684090799279538,0.3895307760141094
2023-04-19,407.0,0.456166383715085,0.1509348461296513,0.557712285012285
2023-04-20,15.0,0.3731111111111111,0.10577777777777776,0.2058
2023-04-21,575.0,0.4251693253396583,0.06463044502818846,0.27570904347826086
2023-04-22,2170.0,0.09803131565268661,0.007655784113906234,-0.28368447004608294
2023-04-23,131.0,0.155066728981669,0.0257334995066729,-0.2002229007633588
2023-04-24,35.0,0.43478170922048476,0.11742589893100097,0.6167400000000001
2023-04-25,1082.0,0.3575043470610767,0.05331822350667473,-0.08146192236598893
2023-04-26,33.0,0.33426465208885,0.019642354328183204,0.021848484848484864
2023-04-27,223.0,0.34918875935972354,1.7536959801534945e-05,0.15362466367713004
2023-04-28,1039.0,0.35822709499971445,0.04868488549157609,0.16458537054860442
2023-04-29,38.0,0.27626688992981563,0.030446145418439964,0.1637921052631579
2023-04-30,38.0,0.27626688992981563,0.030446145418439964,0.1637921052631579
2023-05-01,617.0,0.42852074554294983,0.20291619973759356,0.4933974068071313
2023-05-02,189.0,0.1368773128530624,-0.0629903570855952,-0.009733333333333337
2023-05-03,936.0,0.4286671910265661,0.027409478253228262,-0.013148931623931636
2023-05-04,8730.0,0.1975259389716264,0.037359720309973345,0.23516400916380298
2023-05-05,4090.0,0.3680634086383513,0.12470725358536201,0.12022706601466993
2023-05-06,2994.0,0.33442226409185655,0.07967487063649978,0.16029839679358718
2023-05-07,2727.0,0.5261000186971427,0.0999429048410006,0.4686243857719105
2023-05-08,1986.0,0.3071104987965375,0.06204580231485499,0.2067441591137966
2023-05-09,12390.0,0.35678306737471677,-0.055100561616276675,0.016494011299435028
2023-05-10,3469.0,0.4221323406426668,0.2127771028657451,0.406090400691842
2023-05-11,865.0,0.2704280881690564,0.013587946454637208,0.04530265895953757
2023-05-12,798.0,0.3929542667914709,0.042208284485622055,0.1843781954887218
2023-05-13,1040.0,0.35168115820032536,0.09235489491128071,0.21850836538461538
2023-05-14,1659.0,0.4372934907497527,0.07570829024989705,-0.02989095840867993
2023-05-15,164.0,0.3422019705291166,0.0490123586112198,0.3910621951219512
2023-05-16,212.0,0.2784543929063906,0.039605786723399095,0.3832316037735849
2023-05-17,2063.0,0.29910977156424146,0.17193869840223971,0.06739379544352884
2023-05-18,115.0,0.34722601794340924,-0.03862456866804692,0.024815652173913034
2023-05-19,1830.0,0.36120723657290343,0.12331968500407708,0.2211749180327869
2023-05-20,99.0,0.2961273848909778,0.12245400319572061,0.28158787878787883
2023-05-21,28.0,0.4709920634920635,-0.07577380952380952,0.12921071428571426
2023-05-22,73.0,0.4037320205479452,0.0007856735159817418,0.5683219178082192
2023-05-23,1022.0,0.32646008744876515,0.030168934240362814,0.3468065557729941
2023-05-24,752.0,0.2793543940509992,0.09647791864386945,0.269476329787234
2023-05-25,630.0,0.26273141327237964,0.13364995493146753,0.3947068253968254
2023-05-26,1648.0,0.2805603200784506,0.06529246036531394,0.13894150485436893
2023-05-27,103.0,0.4247267060606672,0.11408384491582653,0.18044174757281553
2023-05-28,633.0,0.4488189799712311,0.15590840274785772,0.21106714060031598
2023-05-29,7356.0,0.4699610752899297,0.1312520177882342,0.15504579934747145
2023-05-30,305.0,0.311885649640714,0.09177500462554619,0.15933377049180328
2023-05-31,39.0,0.18941250107916774,0.06715423465423465,0.21119743589743592
2023-06-01,2468.0,0.2856505074466723,-0.03558861508697732,-0.03686880064829821
2023-06-02,4304.0,0.35427431864157566,0.05140819584032953,0.09606305762081785
2023-06-03,3068.0,0.2101022070095641,0.07551929494978989,0.09037956323337679
2023-06-04,32.0,0.241515799738456,0.1466033944354257,0.1616
2023-06-05,34760.0,0.3440110272577072,0.16364798966207675,0.18441090621403913
2023-06-06,28504.0,0.28393497750501434,0.22915211985370518,0.20643535994948078
2023-06-07,6006.0,0.27162309183967737,-0.011718950825660624,-0.06972355977355976
2023-06-08,1881.0,0.2636363237696545,0.043352052354625914,0.08209840510366825
2023-06-09,1601.0,0.39039700089211943,0.09632209868366255,0.260764209868832
2023-06-10,92.0,0.41802866503442465,0.11495609709878969,0.08739673913043478
2023-06-11,520.0,0.3935299953518704,0.043844878781932356,0.2452817307692308
2023-06-12,935.0,0.2156016891605127,-0.00942929292929293,-0.20481112299465237
2023-06-13,729.0,0.23672054004015594,0.004867338879684557,-0.01552908093278464
2023-06-14,3550.0,0.6791166834339369,0.3924074614352783,0.4155692957746478
2023-06-15,5603.0,0.20331299586810028,0.006376874285807001,-0.0470761199357487
2023-06-16,1262.0,0.3632553583386722,0.09453982595177104,0.22758407290015847
2023-06-17,61.0,0.3831362287422006,-0.0028195541339569464,0.1533081967213115
2023-06-18,2441.0,0.32754815633894163,0.025678292496256843,0.04938471937730438
2023-06-19,772.0,0.3778111970778283,0.07225327833661938,0.021042616580310883
2023-06-20,1394.0,0.41648259722150627,0.08711095241111984,0.413678981348637
2023-06-21,130.0,0.37198764776889776,0.14398920028384316,0.3496669230769231
2023-06-22,24.0,0.43267361111111113,0.11822916666666666,0.11729166666666667
2023-06-23,2579.0,0.3470946088497324,0.10377888848429143,0.3680334625823963
2023-06-24,80.0,0.43177664189866566,0.1473423718862707,0.2381675
2023-06-25,11.0,0.0984848484848485,0.062121212121212126,0.05563636363636364
2023-06-26,2.0,0.15000000000000002,0.175,0.2202
2023-06-27,5.0,0.2046666666666667,0.0033333333333333327,-0.05936
2023-06-28,751.0,0.5333631973145955,0.16271608514284946,0.2884856191744341
2023-06-29,97.0,0.29232033659353246,0.1198122702040228,0.10400721649484536
2023-06-30,1535.0,0.38612307569137855,0.0434980615450645,0.14471224755700327
2023-07-01,154.0,0.39283557322958024,0.15142262296686,0.3164123376623377
